age,income_lakh,credit_score,loan_amount_lakh,existing_loans,approved,debt_burden,loan_to_income
28.0,12.64,613.0,8.93,3.0,1,0.23734177215189872,0.7064873417721519
57.0,19.8,753.0,28.22,3.0,1,0.15151515151515152,1.4252525252525252
35.0,20.54,787.0,18.94,1.0,1,0.04868549172346641,0.9221032132424538
59.0,18.87,816.0,11.61,1.0,1,0.05299417064122946,0.615262321144674
62.0,11.63,553.0,5.23,3.0,1,0.2579535683576956,0.44969905417024936
32.0,3.48,625.0,11.19,3.0,0,0.8620689655172414,3.21551724137931
56.0,23.49,779.0,11.54,3.0,1,0.1277139208173691,0.49127288207747977
45.0,12.02,671.0,5.07,1.0,1,0.0831946755407654,0.42179700499168055
21.0,8.22,656.0,13.54,1.0,1,0.121654501216545,1.6472019464720193
63.0,11.82,526.0,29.57,0.0,0,0.0,2.5016920473773263
39.0,8.09,556.0,9.09,0.0,1,0.0,1.1236093943139678
22.0,2.31,761.0,22.93,3.0,0,1.2987012987012987,9.926406926406926
26.0,17.59,625.0,21.83,3.0,1,0.17055144968732233,1.2410460488914155
31.0,8.55,774.0,6.2,0.0,1,0.0,0.7251461988304093
25.0,18.65,757.0,11.59,3.0,1,0.160857908847185,0.6214477211796247
23.0,3.36,478.0,20.52,3.0,0,0.8928571428571429,6.107142857142858
31.0,1.53,796.0,16.89,1.0,0,0.6535947712418301,11.03921568627451
53.0,20.86,513.0,23.63,1.0,1,0.04793863854266539,1.1327900287631831
32.0,7.22,469.0,6.91,2.0,1,0.2770083102493075,0.9570637119113574
27.0,7.74,575.0,18.88,4.0,0,0.5167958656330749,2.4392764857881133
45.0,2.67,773.0,12.24,2.0,0,0.7490636704119851,4.584269662921349
32.0,17.86,600.0,3.51,2.0,1,0.11198208286674133,0.196528555431131
27.0,5.78,639.0,22.28,4.0,0,0.6920415224913494,3.8546712802768166
39.0,22.41,745.0,21.28,3.0,1,0.13386880856760375,0.9495760821062026
55.0,13.92,572.0,28.33,4.0,0,0.28735632183908044,2.035201149425287
51.0,21.77,646.0,11.79,1.0,1,0.04593477262287552,0.5415709692237023
39.0,6.19,485.0,11.41,3.0,0,0.4846526655896607,1.8432956381260095
39.0,8.96,651.0,24.14,3.0,0,0.33482142857142855,2.6941964285714284
37.0,17.34,562.0,14.01,1.0,1,0.05767012687427912,0.8079584775086505
21.0,16.37,823.0,18.13,1.0,1,0.06108735491753207,1.1075137446548564
44.0,9.7,816.0,7.81,1.0,1,0.10309278350515465,0.8051546391752578
23.0,7.06,646.0,29.47,1.0,0,0.141643059490085,4.174220963172805
34.0,13.81,551.0,8.4,2.0,1,0.1448225923244026,0.6082548877624909
37.0,6.33,716.0,12.06,4.0,0,0.631911532385466,1.9052132701421802
50.0,1.66,636.0,29.87,4.0,0,2.4096385542168677,17.99397590361446
22.0,4.79,681.0,3.16,1.0,1,0.20876826722338204,0.6597077244258873
41.0,8.63,484.0,25.52,0.0,0,0.0,2.95712630359212
28.0,11.34,725.0,8.39,2.0,1,0.1763668430335097,0.7398589065255733
30.0,11.61,567.0,2.97,3.0,1,0.2583979328165375,0.2558139534883721
44.0,7.73,487.0,24.83,2.0,0,0.258732212160414,3.212160413971539
54.0,1.83,693.0,29.73,4.0,0,2.1857923497267757,16.24590163934426
26.0,21.26,550.0,27.04,1.0,1,0.047036688617121354,1.2718720602069613
63.0,6.78,735.0,4.74,2.0,1,0.2949852507374631,0.6991150442477876
34.0,1.53,787.0,26.05,3.0,0,1.9607843137254901,17.026143790849673
50.0,2.31,840.0,27.13,1.0,0,0.4329004329004329,11.744588744588745
60.0,13.37,688.0,28.79,2.0,0,0.14958863126402394,2.153328347045625
22.0,20.53,765.0,8.31,2.0,1,0.0974184120798831,0.40477350219191427
53.0,13.83,706.0,16.1,4.0,1,0.28922631959508316,1.1641359363702097
63.0,3.24,540.0,21.13,0.0,0,0.0,6.521604938271604
41.0,7.28,558.0,16.13,2.0,0,0.2747252747252747,2.2156593406593403
34.0,13.765,737.0,1.48,0.0,1,0.0,0.10751907010533962
47.0,19.26,507.0,28.3,1.0,1,0.05192107995846313,1.4693665628245067
55.0,18.21,753.0,15.42,2.0,1,0.10982976386600768,0.8467874794069192
35.0,1.93,802.0,2.94,4.0,0,2.072538860103627,1.5233160621761659
31.0,24.62,650.0,7.66,0.0,1,0.0,0.3111291632818846
56.0,11.77,690.0,23.67,2.0,0,0.16992353440951571,2.0110450297366187
25.0,7.94,505.0,14.3,2.0,0,0.2518891687657431,1.801007556675063
44.0,23.64,472.0,8.55,4.0,1,0.1692047377326565,0.3616751269035533
25.0,21.09,802.0,12.0,1.0,1,0.0474158368895211,0.5689900426742532
48.0,6.01,561.0,4.87,3.0,1,0.49916805324459235,0.810316139767055
31.0,19.91,547.0,22.31,4.0,1,0.20090406830738322,1.1205424409844298
42.0,24.63,825.0,18.7,1.0,1,0.04060089321965083,0.7592367032074706
56.0,16.54,541.0,10.47,2.0,1,0.12091898428053205,0.6330108827085853
39.0,3.34,733.0,9.75,0.0,0,0.0,2.9191616766467066
33.0,3.38,453.0,25.08,0.0,0,0.0,7.420118343195266
51.0,2.42,816.0,5.87,3.0,0,1.2396694214876034,2.425619834710744
60.0,19.14,565.0,22.54,3.0,1,0.1567398119122257,1.1776384535005224
30.0,19.74,711.0,2.47,2.0,1,0.10131712259371835,0.12512664640324217
33.0,9.5,573.0,11.79,4.0,0,0.42105263157894735,1.2410526315789472
58.0,2.27,497.0,25.98,3.0,0,1.3215859030837005,11.444933920704846
28.0,18.99,510.0,13.92,2.0,1,0.10531858873091102,0.7330173775671407
50.0,12.01,503.0,26.11,1.0,0,0.08326394671107411,2.174021648626145
46.0,19.76,749.0,16.22,2.0,1,0.10121457489878542,0.8208502024291496
26.0,3.75,468.0,8.68,0.0,0,0.0,2.3146666666666667
47.0,18.0,460.0,3.58,4.0,1,0.2222222222222222,0.1988888888888889
21.0,2.63,464.0,6.23,3.0,0,1.1406844106463878,2.3688212927756656
30.0,15.02,649.0,9.42,3.0,1,0.1997336884154461,0.6271637816245007
60.0,19.83,763.0,20.33,0.0,1,0.0,1.0252143217347454
21.0,2.76,549.0,3.7,4.0,0,1.4492753623188408,1.3405797101449277
45.0,22.09,799.0,6.26,4.0,1,0.1810774105930285,0.2833861475780896
42.0,3.17,787.0,26.72,4.0,0,1.2618296529968454,8.429022082018927
56.0,11.74,650.0,3.4,0.0,1,0.0,0.28960817717206133
62.0,11.39,637.0,9.52,4.0,1,0.35118525021949076,0.835820895522388
39.0,17.97,490.0,10.84,2.0,1,0.11129660545353368,0.6032276015581525
53.0,23.07,492.0,18.97,1.0,1,0.043346337234503686,0.8222800173385348
35.0,14.18,652.0,18.71,4.0,1,0.2820874471086037,1.3194640338504937
23.0,6.27,799.0,6.87,0.0,1,0.0,1.0956937799043063
59.0,5.38,847.0,9.37,3.0,1,0.5576208178438662,1.7416356877323418
21.0,16.74,650.0,6.61,1.0,1,0.059737156511350066,0.394862604540024
48.0,12.85,760.0,22.26,1.0,1,0.07782101167315175,1.732295719844358
42.0,22.8,463.0,29.15,4.0,1,0.17543859649122806,1.2785087719298245
64.0,2.4,551.0,22.42,4.0,0,1.6666666666666667,9.341666666666669
21.0,21.93,620.0,19.62,4.0,1,0.1823985408116735,0.8946648426812586
52.0,23.67,466.0,15.17,0.0,1,0.0,0.6408956485002112
48.0,8.62,530.0,2.04,4.0,1,0.4640371229698376,0.2366589327146172
27.0,2.23,464.0,3.33,0.0,0,0.0,1.493273542600897
30.0,18.41,850.0,5.45,0.0,1,0.0,0.2960347637153721
44.0,9.05,827.0,6.96,4.0,1,0.4419889502762431,0.7690607734806629
33.0,23.5,465.0,3.49,2.0,1,0.0851063829787234,0.14851063829787234
52.0,3.07,806.0,13.98,4.0,0,1.3029315960912053,4.5537459283387625
26.0,12.57,774.0,2.06,2.0,1,0.15910898965791567,0.16388225934765313
58.0,17.97,725.0,19.34,2.0,1,0.11129660545353368,1.0762381747356706
54.0,2.37,523.0,11.84,3.0,0,1.2658227848101264,4.995780590717299
47.0,14.3,510.0,15.88,4.0,1,0.2797202797202797,1.1104895104895105
44.0,22.83,586.0,4.27,1.0,1,0.043802014892685065,0.18703460359176521
22.0,18.64,559.0,25.6,3.0,1,0.1609442060085837,1.3733905579399142
52.0,1.78,489.0,8.92,0.0,0,0.0,5.01123595505618
48.0,7.14,572.0,9.87,1.0,1,0.1400560224089636,1.3823529411764706
40.0,9.51,657.0,9.79,1.0,1,0.10515247108307045,1.0294426919032598
40.0,10.8,732.0,29.49,4.0,0,0.37037037037037035,2.730555555555555
64.0,23.16,528.0,12.35,0.0,1,0.0,0.5332469775474956
59.0,4.3,539.0,12.03,1.0,0,0.23255813953488372,2.797674418604651
27.0,15.92,790.0,21.93,1.0,1,0.06281407035175879,1.3775125628140703
63.0,21.22,479.0,27.99,4.0,1,0.18850141376060323,1.3190386427898209
46.0,16.21,569.0,12.16,4.0,1,0.24676125848241826,0.7501542257865514
32.0,12.68,516.0,23.32,1.0,0,0.07886435331230283,1.8391167192429023
55.0,17.08,666.0,29.0,3.0,1,0.17564402810304452,1.6978922716627636
24.0,20.89,622.0,13.28,2.0,1,0.09573958831977022,0.6357108664432742
28.0,3.02,801.0,23.7,1.0,0,0.33112582781456956,7.847682119205298
50.0,15.74,524.0,1.24,1.0,1,0.06353240152477764,0.07878017789072427
34.0,15.62,714.0,16.6,1.0,1,0.06402048655569782,1.062740076824584
29.0,17.11,683.0,6.32,3.0,1,0.17533606078316774,0.3693746347165401
42.0,23.45,614.0,11.52,2.0,1,0.08528784648187633,0.4912579957356077
36.0,14.77,586.0,28.48,4.0,0,0.2708192281651997,1.928232904536222
22.0,12.73,486.0,11.68,3.0,1,0.2356637863315004,0.9175176747839748
27.0,22.98,782.0,15.63,1.0,1,0.04351610095735422,0.6801566579634465
38.0,20.96,671.0,24.78,3.0,1,0.1431297709923664,1.1822519083969465
46.0,10.36,786.0,16.68,0.0,1,0.0,1.6100386100386102
29.0,10.27,617.0,9.12,3.0,1,0.2921129503407984,0.8880233690360272
61.0,5.29,773.0,6.68,4.0,0,0.7561436672967864,1.2627599243856331
32.0,16.01,610.0,3.56,1.0,1,0.062460961898813235,0.22236102435977512
64.0,24.17,502.0,23.68,1.0,1,0.04137360364087712,0.9797269342159701
52.0,11.72,552.0,15.86,2.0,0,0.1706484641638225,1.3532423208191124
59.0,15.09,699.0,5.78,4.0,1,0.26507620941020543,0.38303512259774686
62.0,11.34,808.0,26.83,4.0,0,0.3527336860670194,2.3659611992945324
38.0,14.29,700.0,6.43,4.0,1,0.2799160251924423,0.44996501049685095
59.0,11.04,722.0,15.2,0.0,1,0.0,1.3768115942028987
25.0,24.97,773.0,18.32,2.0,1,0.08009611533840609,0.7336804164997998
58.0,21.21,643.0,3.35,2.0,1,0.0942951438000943,0.15794436586515795
48.0,16.21,787.0,15.33,2.0,1,0.12338062924120913,0.9457125231338679
56.0,12.01,832.0,6.29,0.0,1,0.0,0.5237302248126562
23.0,4.37,820.0,16.59,0.0,0,0.0,3.7963386727688784
41.0,5.53,741.0,28.6,1.0,0,0.18083182640144665,5.1717902350813745
55.0,1.6,733.0,24.01,3.0,0,1.875,15.00625
47.0,6.73,792.0,5.66,2.0,1,0.2971768202080238,0.8410104011887073
30.0,23.12,499.0,12.34,1.0,1,0.04325259515570934,0.5337370242214533
22.0,17.99,763.0,1.73,1.0,1,0.05558643690939411,0.09616453585325181
63.0,11.18,590.0,8.59,1.0,1,0.08944543828264759,0.7683363148479427
44.0,7.68,496.0,18.03,0.0,0,0.0,2.3476562500000004
34.0,9.8,621.0,9.11,4.0,1,0.4081632653061224,0.9295918367346937
48.0,11.01,690.0,1.18,0.0,1,0.0,0.10717529518619437
38.0,14.66,797.0,25.76,2.0,1,0.1364256480218281,1.7571623465211461
21.0,23.82,705.0,23.35,0.0,1,0.0,0.9802686817800168
57.0,7.71,555.0,28.45,2.0,0,0.2594033722438392,3.690012970168612
62.0,12.08,576.0,8.61,1.0,1,0.08278145695364239,0.7127483443708609
54.0,14.56,580.0,20.02,3.0,1,0.20604395604395603,1.375
35.0,10.65,805.0,5.72,2.0,1,0.18779342723004694,0.5370892018779342
27.0,2.92,557.0,5.32,4.0,0,1.36986301369863,1.8219178082191783
42.0,3.67,534.0,8.55,3.0,0,0.8174386920980926,2.329700272479564
23.0,18.44,743.0,15.04,2.0,1,0.10845986984815617,0.8156182212581344
27.0,11.73,614.0,25.35,3.0,0,0.2557544757033248,2.161125319693095
62.0,22.25,534.0,22.94,3.0,1,0.1348314606741573,1.0310112359550563
61.0,17.48,491.0,26.79,3.0,0,0.17162471395881007,1.5326086956521738
36.0,6.52,640.0,21.71,1.0,0,0.15337423312883436,3.3297546012269943
39.0,19.96,759.0,8.32,4.0,1,0.2004008016032064,0.4168336673346693
24.0,15.07,652.0,25.11,2.0,1,0.13271400132714,1.6662242866622428
35.0,19.28,800.0,1.13,0.0,1,0.0,0.05860995850622406
25.0,2.17,770.0,10.44,4.0,0,1.8433179723502304,4.811059907834101
62.0,8.56,600.0,24.43,4.0,0,0.4672897196261682,2.8539719626168223
23.0,14.66,664.0,6.97,4.0,1,0.2728512960436562,0.4754433833560709
54.0,24.25,535.0,23.37,3.0,1,0.12371134020618557,0.9637113402061857
26.0,9.63,521.0,27.89,1.0,0,0.10384215991692626,2.8961578400830734
46.0,3.88,571.0,3.73,0.0,1,0.0,0.961340206185567
58.0,4.29,681.0,19.83,3.0,0,0.6993006993006993,4.622377622377622
42.0,7.79,501.0,23.61,4.0,0,0.5134788189987163,3.030808729139923
52.0,24.53,482.0,15.86,4.0,1,0.16306563391765186,0.6465552384834895
59.0,15.09,496.0,22.24,2.0,1,0.13253810470510272,1.4738237243207422
50.0,3.13,501.0,10.37,4.0,0,1.2779552715654952,3.313099041533546
60.0,24.76,614.0,3.67,2.0,1,0.08077544426494346,0.14822294022617122
40.0,21.81,535.0,2.27,2.0,1,0.09170105456212747,0.10408069692801468
52.0,24.21,735.0,29.15,1.0,1,0.041305245766212306,1.2040479140850886
30.0,24.83,587.0,8.46,4.0,1,0.16109544905356424,0.34071687474828843
51.0,23.63,452.0,9.16,1.0,1,0.04231908590774439,0.3876428269149387
61.0,12.03,566.0,15.15,2.0,1,0.1662510390689942,1.259351620947631
64.0,22.53,521.0,22.76,2.0,1,0.08877052818464269,1.010208610741234
60.0,16.62,466.0,1.42,0.0,1,0.0,0.08543922984356196
56.0,8.53,481.0,15.07,1.0,0,0.1172332942555686,1.7667057444314187
40.0,9.15,470.0,25.34,0.0,0,0.0,2.769398907103825
44.0,13.765,741.0,21.25,1.0,1,0.0726480203414457,1.5437704322557209
42.0,4.03,615.0,25.73,2.0,0,0.4962779156327543,6.384615384615384
36.0,20.77,676.0,8.17,2.0,1,0.09629272989889263,0.3933558016369764
60.0,22.19,627.0,11.8,2.0,1,0.09013068949977467,0.5317710680486706
47.0,24.61,643.0,14.21,0.0,1,0.0,0.5774075579032913
42.0,14.95,453.0,7.54,2.0,1,0.13377926421404682,0.5043478260869565
55.0,3.23,616.0,14.32,2.0,0,0.6191950464396285,4.43343653250774
23.0,14.16,731.0,25.9,4.0,0,0.2824858757062147,1.82909604519774
42.0,17.79,467.0,25.13,1.0,1,0.056211354693648116,1.4125913434513773
42.0,13.17,765.0,19.67,1.0,1,0.07593014426727411,1.493545937737282
37.0,23.74,583.0,28.32,3.0,1,0.12636899747262006,1.1929233361415335
46.0,2.76,850.0,7.98,3.0,0,1.0869565217391306,2.8913043478260874
27.0,3.07,456.0,17.76,4.0,0,1.3029315960912053,5.785016286644952
30.0,20.6,539.0,8.18,2.0,1,0.0970873786407767,0.39708737864077664
32.0,5.63,463.0,17.2,2.0,0,0.3552397868561279,3.0550621669626996
42.0,3.62,570.0,6.38,4.0,0,1.1049723756906078,1.7624309392265192
29.0,18.25,498.0,16.94,1.0,1,0.0547945205479452,0.9282191780821919
64.0,5.05,537.0,15.03,0.0,0,0.0,2.976237623762376
61.0,11.53,548.0,21.37,2.0,0,0.17346053772766695,1.8534258456201216
51.0,3.65,832.0,14.9,2.0,0,0.547945205479452,4.082191780821918
37.0,6.48,842.0,27.17,4.0,0,0.6172839506172839,4.192901234567901
29.0,8.67,496.0,22.21,0.0,0,0.0,2.5617070357554788
33.0,19.21,670.0,29.01,4.0,1,0.20822488287350338,1.5101509630400833
36.0,22.67,531.0,6.22,2.0,1,0.08822232024702249,0.27437141596823994
54.0,5.51,586.0,10.86,4.0,0,0.7259528130671506,1.970961887477314
64.0,11.77,750.0,24.19,3.0,0,0.2548853016142736,2.0552251486830926
52.0,22.33,585.0,3.72,3.0,1,0.1343484102104792,0.1665920286609942
43.0,21.99,740.0,22.46,0.0,1,0.0,1.0213733515234198
54.0,7.7,741.0,14.16,4.0,0,0.5194805194805194,1.838961038961039
31.0,17.01,674.0,9.39,1.0,1,0.05878894767783656,0.5520282186948854
51.0,10.85,567.0,26.01,3.0,0,0.2764976958525346,2.3972350230414747
36.0,21.27,543.0,24.28,4.0,1,0.18805829807240246,1.1415138692994828
30.0,4.71,456.0,7.48,1.0,0,0.21231422505307856,1.5881104033970277
63.0,2.86,486.0,2.05,0.0,1,0.0,0.7167832167832168
36.0,7.08,616.0,19.48,2.0,0,0.2824858757062147,2.751412429378531
56.0,2.14,500.0,27.11,3.0,0,1.4018691588785046,12.66822429906542
54.0,6.69,477.0,27.24,3.0,0,0.44843049327354256,4.071748878923766
22.0,13.765,508.0,27.91,0.0,1,0.0,2.027606247729749
28.0,23.09,732.0,12.84,4.0,1,0.17323516673884798,0.5560848852317021
28.0,23.83,625.0,6.06,2.0,1,0.08392782207301722,0.25430130088124214
58.0,10.43,823.0,25.81,2.0,0,0.19175455417066156,2.4745925215723874
48.0,7.72,471.0,15.97,4.0,0,0.5181347150259068,2.068652849740933
35.0,23.73,522.0,23.46,1.0,1,0.04214075010535188,0.988621997471555
63.0,16.78,568.0,6.68,4.0,1,0.23837902264600713,0.3980929678188319
56.0,18.34,780.0,2.93,4.0,1,0.21810250817884405,0.15976008724100327
22.0,7.96,661.0,14.03,2.0,0,0.25125628140703515,1.7625628140703518
60.0,24.65,652.0,28.27,2.0,1,0.08113590263691683,1.1468559837728196
28.0,20.98,801.0,18.34,0.0,1,0.0,0.8741658722592945
29.0,13.13,530.0,27.52,1.0,0,0.07616146230007616,2.0959634424980957
42.0,11.29,774.0,12.96,0.0,1,0.0,1.1479185119574846
49.0,19.27,483.0,18.74,1.0,1,0.05189413596263622,0.9724961079398028
38.0,10.41,777.0,20.41,4.0,0,0.38424591738712777,1.9606147934678193
36.0,5.34,678.0,25.08,3.0,0,0.5617977528089888,4.6966292134831455
57.0,20.65,706.0,10.43,0.0,1,0.0,0.5050847457627119
27.0,18.12,729.0,22.76,0.0,1,0.0,1.2560706401766004
58.0,20.08,529.0,5.58,0.0,1,0.0,0.2778884462151395
44.0,18.61,709.0,24.24,0.0,1,0.0,1.3025255239118754
42.0,11.11,482.0,22.13,4.0,0,0.36003600360036003,1.991899189918992
34.0,7.35,712.0,20.64,2.0,0,0.272108843537415,2.808163265306123
47.0,10.75,451.0,22.77,1.0,0,0.09302325581395349,2.118139534883721
42.0,7.2,609.0,26.81,1.0,0,0.1388888888888889,3.723611111111111
35.0,18.28,479.0,19.27,2.0,1,0.10940919037199125,1.0541575492341355
53.0,21.48,569.0,14.23,2.0,1,0.0931098696461825,0.6624767225325885
36.0,24.25,743.0,15.86,3.0,1,0.12371134020618557,0.654020618556701
60.0,7.26,572.0,10.72,1.0,1,0.13774104683195593,1.4765840220385675
58.0,20.82,812.0,26.19,3.0,1,0.1440922190201729,1.2579250720461095
39.0,23.38,518.0,18.35,0.0,1,0.0,0.7848588537211293
64.0,22.34,476.0,15.03,4.0,1,0.17905102954341987,0.6727842435094001
47.0,5.03,722.0,14.5,1.0,0,0.19880715705765406,2.882703777335984
47.0,2.89,838.0,1.53,4.0,1,1.3840830449826989,0.5294117647058824
38.0,11.43,527.0,7.12,0.0,1,0.0,0.6229221347331584
58.0,6.81,841.0,19.15,2.0,0,0.2936857562408223,2.8120411160058736
59.0,15.33,788.0,20.48,0.0,1,0.0,1.3359425962165687
55.0,2.8,637.0,8.52,3.0,0,1.0714285714285714,3.0428571428571427
33.0,20.42,491.0,29.36,2.0,1,0.0979431929480901,1.4378060724779627
33.0,7.37,566.0,28.94,3.0,0,0.40705563093622793,3.926729986431479
26.0,20.03,597.0,6.86,0.0,1,0.0,0.34248627059410885
39.0,23.08,541.0,18.45,1.0,1,0.043327556325823226,0.7993934142114385
36.0,19.45,465.0,15.86,4.0,1,0.20565552699228792,0.8154241645244216
27.0,18.62,792.0,3.03,1.0,1,0.05370569280343716,0.1627282491944146
33.0,21.04,480.0,26.12,0.0,1,0.0,1.241444866920152
42.0,3.12,633.0,15.86,3.0,0,0.9615384615384615,5.083333333333333
50.0,6.73,627.0,24.77,4.0,0,0.5943536404160475,3.6805349182763742
38.0,18.62,643.0,25.73,3.0,1,0.16111707841031148,1.3818474758324382
45.0,13.765,781.0,13.32,2.0,1,0.1452960406828914,0.9676716309480566
22.0,21.95,727.0,29.8,3.0,1,0.1366742596810934,1.357630979498861
46.0,5.71,536.0,24.58,4.0,0,0.7005253940455342,4.304728546409807
47.0,4.86,820.0,20.16,3.0,0,0.6172839506172839,4.148148148148148
64.0,23.81,816.0,6.47,2.0,1,0.08399832003359933,0.27173456530869383
32.0,16.04,848.0,17.39,1.0,1,0.06234413965087282,1.0841645885286784
53.0,3.2,617.0,16.7,0.0,0,0.0,5.218749999999999
54.0,2.01,724.0,12.92,1.0,0,0.49751243781094534,6.427860696517413
55.0,6.34,747.0,29.48,3.0,0,0.47318611987381703,4.649842271293376
44.0,11.87,674.0,15.05,2.0,1,0.16849199663016007,1.2679022746419546
29.0,17.33,834.0,26.43,0.0,1,0.0,1.5251009809578766
22.0,21.75,484.0,26.93,4.0,1,0.1839080459770115,1.2381609195402299
49.0,10.52,720.0,29.66,1.0,0,0.09505703422053233,2.8193916349809887
40.0,10.78,717.0,25.64,4.0,0,0.3710575139146568,2.3784786641929503
31.0,4.25,826.0,27.32,4.0,0,0.9411764705882353,6.4282352941176475
25.0,14.1,590.0,15.87,4.0,1,0.28368794326241137,1.125531914893617
33.0,19.56,678.0,4.6,4.0,1,0.20449897750511248,0.23517382413087934
54.0,18.39,505.0,11.13,2.0,1,0.1087547580206634,0.6052202283849919
51.0,20.84,550.0,27.67,3.0,1,0.14395393474088292,1.3277351247600768
31.0,18.67,722.0,10.45,1.0,1,0.05356186395286555,0.559721478307445
30.0,7.15,583.0,14.34,2.0,0,0.2797202797202797,2.0055944055944055
22.0,22.96,743.0,9.91,3.0,1,0.13066202090592335,0.43162020905923343
42.0,16.94,736.0,15.54,2.0,1,0.11806375442739078,0.9173553719008263
40.0,2.47,480.0,20.61,2.0,0,0.8097165991902834,8.34412955465587
41.0,6.67,596.0,20.31,0.0,0,0.0,3.0449775112443778
41.0,2.54,537.0,21.14,0.0,0,0.0,8.32283464566929
23.0,14.48,691.0,18.64,4.0,1,0.27624309392265195,1.287292817679558
35.0,13.64,611.0,8.0,1.0,1,0.07331378299120234,0.5865102639296187
36.0,7.39,651.0,14.68,2.0,0,0.2706359945872801,1.986468200270636
34.0,16.18,607.0,16.22,0.0,1,0.0,1.0024721878862792
43.0,1.99,660.0,26.76,1.0,0,0.5025125628140703,13.447236180904524
57.0,3.61,561.0,16.92,1.0,0,0.2770083102493075,4.686980609418283
62.0,19.54,584.0,24.76,4.0,1,0.2047082906857728,1.2671443193449337
42.0,12.67,801.0,13.52,2.0,1,0.15785319652722968,1.0670876085240726
53.0,4.63,514.0,8.4,1.0,0,0.2159827213822894,1.8142548596112311
61.0,6.44,840.0,9.41,3.0,1,0.4658385093167702,1.4611801242236024
59.0,9.07,752.0,25.88,2.0,0,0.2205071664829107,2.853362734288864
55.0,7.07,552.0,4.08,1.0,1,0.14144271570014144,0.577086280056577
45.0,4.19,606.0,11.85,1.0,0,0.2386634844868735,2.8281622911694506
45.0,15.21,724.0,14.99,3.0,1,0.1972386587771203,0.9855358316896778
58.0,21.78,762.0,26.49,3.0,1,0.13774104683195593,1.2162534435261707
48.0,22.02,472.0,16.42,4.0,1,0.18165304268846502,0.7456857402361491
47.0,5.76,738.0,5.03,1.0,1,0.1736111111111111,0.873263888888889
28.0,11.44,785.0,3.29,4.0,1,0.3496503496503497,0.2875874125874126
28.0,19.85,765.0,13.77,2.0,1,0.10075566750629722,0.6937027707808564
28.0,11.25,767.0,5.01,3.0,1,0.26666666666666666,0.4453333333333333
57.0,23.87,497.0,9.43,4.0,1,0.1675743611227482,0.3950565563468789
57.0,19.19,488.0,13.63,1.0,1,0.05211047420531526,0.710265763418447
24.0,13.65,531.0,6.68,2.0,1,0.14652014652014653,0.48937728937728936
63.0,6.45,621.0,4.45,3.0,1,0.46511627906976744,0.689922480620155
52.0,21.67,595.0,28.11,4.0,1,0.18458698661744347,1.2971850484540839
25.0,2.69,464.0,6.39,3.0,0,1.1152416356877324,2.3754646840148697
26.0,23.34,559.0,14.83,0.0,1,0.0,0.6353898886032562
59.0,4.42,726.0,2.1,1.0,1,0.22624434389140272,0.47511312217194573
31.0,15.86,764.0,28.4,1.0,1,0.06305170239596469,1.790668348045397
34.0,18.94,649.0,12.17,3.0,1,0.1583949313621964,0.6425554382259767
53.0,21.82,755.0,13.98,1.0,1,0.045829514207149404,0.6406966086159487
40.0,4.91,831.0,14.09,4.0,0,0.8146639511201629,2.8696537678207736
24.0,9.85,717.0,10.7,0.0,1,0.0,1.0862944162436547
35.0,19.3,580.0,19.77,3.0,1,0.15544041450777202,1.0243523316062175
52.0,19.69,740.0,8.19,2.0,1,0.1015744032503809,0.4159471813103098
30.0,4.26,643.0,12.69,1.0,0,0.2347417840375587,2.97887323943662
61.0,11.93,477.0,22.62,3.0,0,0.2514668901927913,1.8960603520536463
64.0,5.54,505.0,18.67,3.0,0,0.5415162454873647,3.370036101083033
40.0,12.62,624.0,1.44,0.0,1,0.0,0.11410459587955626
42.0,4.56,824.0,20.75,0.0,0,0.0,4.550438596491229
56.0,3.19,674.0,3.42,3.0,0,0.9404388714733543,1.0721003134796239
57.0,12.19,641.0,25.76,2.0,0,0.16406890894175555,2.1132075471698117
23.0,2.78,637.0,27.11,0.0,0,0.0,9.75179856115108
30.0,7.07,513.0,16.97,0.0,0,0.0,2.4002828854314
23.0,9.31,606.0,27.85,2.0,0,0.21482277121374865,2.99140708915145
24.0,20.07,481.0,10.96,0.0,1,0.0,0.5460886895864475
33.0,8.16,610.0,27.43,2.0,0,0.24509803921568626,3.361519607843137
58.0,14.31,826.0,18.14,2.0,1,0.1397624039133473,1.26764500349406
53.0,8.83,755.0,21.74,3.0,0,0.33975084937712347,2.4620611551528877
57.0,22.41,454.0,6.46,3.0,1,0.13386880856760375,0.28826416778224007
54.0,22.19,569.0,29.82,1.0,1,0.04506534474988733,1.3438485804416402
42.0,21.66,610.0,12.29,4.0,1,0.18467220683287164,0.5674053554939981
26.0,7.25,709.0,10.44,1.0,1,0.13793103448275862,1.44
41.0,23.7,607.0,8.43,2.0,1,0.08438818565400844,0.3556962025316456
22.0,16.63,828.0,15.93,3.0,1,0.1803968731208659,0.957907396271798
21.0,23.33,759.0,1.47,4.0,1,0.17145306472353194,0.063009001285898
45.0,5.9,653.0,10.31,1.0,1,0.1694915254237288,1.747457627118644
50.0,7.7,799.0,13.89,2.0,1,0.2597402597402597,1.8038961038961039
60.0,4.17,463.0,26.82,1.0,0,0.23980815347721823,6.431654676258993
35.0,2.15,546.0,24.12,3.0,0,1.3953488372093024,11.218604651162792
38.0,12.62,618.0,4.04,3.0,1,0.2377179080824089,0.3201267828843106
51.0,20.24,818.0,29.91,1.0,1,0.049407114624505935,1.4777667984189724
46.0,2.27,639.0,12.73,1.0,0,0.44052863436123346,5.607929515418502
48.0,16.28,804.0,27.56,1.0,1,0.06142506142506142,1.6928746928746927
63.0,3.66,606.0,9.43,4.0,0,1.0928961748633879,2.576502732240437
36.0,5.89,584.0,15.86,2.0,0,0.33955857385398985,2.692699490662139
63.0,6.59,688.0,17.8,3.0,0,0.4552352048558422,2.701062215477997
46.0,2.98,680.0,20.62,4.0,0,1.342281879194631,6.919463087248323
31.0,2.5,738.0,4.81,1.0,1,0.4,1.924
55.0,9.73,579.0,24.69,0.0,0,0.0,2.537512846865365
63.0,24.67,761.0,24.8,0.0,1,0.0,1.005269558167815
33.0,14.99,518.0,5.37,2.0,1,0.133422281521014,0.35823882588392264
24.0,16.91,745.0,7.58,4.0,1,0.23654642223536368,0.4482554701360142
28.0,9.38,811.0,28.54,1.0,0,0.10660980810234541,3.042643923240938
27.0,8.8,783.0,10.04,3.0,1,0.3409090909090909,1.1409090909090907
62.0,16.85,467.0,13.22,1.0,1,0.05934718100890207,0.7845697329376854
51.0,14.99,527.0,16.68,2.0,1,0.133422281521014,1.1127418278852568
33.0,23.03,599.0,10.75,1.0,1,0.04342162396873643,0.46678245766391663
28.0,11.8,679.0,18.2,0.0,1,0.0,1.542372881355932
30.0,20.26,476.0,24.17,4.0,1,0.19743336623889435,1.1929911154985193
40.0,24.08,608.0,3.5,2.0,1,0.08305647840531562,0.14534883720930233
42.0,15.86,503.0,14.5,0.0,1,0.0,0.914249684741488
43.0,21.97,731.0,9.06,4.0,1,0.18206645425580337,0.4123805188893947
23.0,20.0,649.0,3.93,2.0,1,0.1,0.1965
41.0,24.38,665.0,12.15,0.0,1,0.0,0.4983593109105825
45.0,18.67,755.0,26.42,4.0,1,0.2142474558114622,1.415104445634708
57.0,22.19,565.0,26.71,3.0,1,0.135196034249662,1.2036953582694907
28.0,16.43,484.0,9.82,0.0,1,0.0,0.5976871576384662
48.0,8.69,836.0,28.2,3.0,0,0.34522439585730724,3.2451093210586883
28.0,6.91,487.0,26.28,2.0,0,0.2894356005788712,3.8031837916063678
47.0,9.48,665.0,10.46,3.0,1,0.3164556962025316,1.1033755274261603
40.0,17.13,663.0,23.3,3.0,1,0.17513134851138354,1.3601868067717455
62.0,17.13,678.0,7.3,1.0,1,0.05837711617046118,0.4261529480443666
58.0,15.87,662.0,26.8,0.0,1,0.0,1.6887208569628231
62.0,13.765,643.0,5.47,1.0,1,0.0726480203414457,0.39738467126770793
41.0,23.9,473.0,23.13,2.0,1,0.08368200836820085,0.9677824267782427
40.0,14.74,643.0,16.04,1.0,1,0.06784260515603799,1.0881953867028493
26.0,18.48,711.0,17.99,4.0,1,0.21645021645021645,0.9734848484848484
32.0,11.22,684.0,21.62,2.0,0,0.17825311942959002,1.9269162210338682
52.0,22.92,847.0,20.78,1.0,1,0.04363001745200698,0.9066317626527051
43.0,5.11,527.0,28.2,4.0,0,0.7827788649706457,5.518590998043052
48.0,6.41,540.0,19.51,4.0,0,0.62402496099844,3.043681747269891
41.0,12.36,525.0,13.18,4.0,1,0.3236245954692557,1.0663430420711975
47.0,12.38,807.0,14.61,3.0,1,0.24232633279483035,1.1801292407108237
42.0,2.59,648.0,3.29,0.0,1,0.0,1.2702702702702704
40.0,22.83,845.0,12.1,1.0,1,0.043802014892685065,0.5300043802014893
24.0,22.98,551.0,8.03,0.0,1,0.0,0.3494342906875544
43.0,11.01,834.0,19.46,2.0,1,0.18165304268846502,1.7674841053587649
63.0,15.2,830.0,12.79,0.0,1,0.0,0.8414473684210526
52.0,20.39,595.0,11.33,0.0,1,0.0,0.5556645414418833
38.0,15.24,708.0,19.37,1.0,1,0.06561679790026247,1.270997375328084
50.0,7.85,531.0,15.86,3.0,0,0.3821656050955414,2.0203821656050955
23.0,4.12,680.0,7.53,4.0,0,0.970873786407767,1.8276699029126213
40.0,20.8,699.0,18.07,4.0,1,0.1923076923076923,0.86875
55.0,24.64,825.0,9.93,1.0,1,0.040584415584415584,0.4030032467532467
42.0,20.51,680.0,10.26,3.0,1,0.1462701121404193,0.500243783520234
57.0,1.71,748.0,17.55,0.0,0,0.0,10.263157894736842
49.0,7.47,820.0,20.99,2.0,0,0.2677376171352075,2.8099062918340025
25.0,16.96,698.0,16.08,2.0,1,0.11792452830188678,0.9481132075471697
29.0,3.2,545.0,28.13,3.0,0,0.9375,8.790624999999999
42.0,20.0,783.0,4.84,3.0,1,0.15,0.242
63.0,16.53,617.0,4.61,2.0,1,0.12099213551119177,0.278886872353297
52.0,4.73,797.0,24.74,2.0,0,0.4228329809725158,5.23044397463002
61.0,16.12,454.0,11.99,4.0,1,0.24813895781637715,0.7437965260545906
43.0,20.18,665.0,26.56,2.0,1,0.09910802775024777,1.3161546085232902
23.0,23.15,827.0,2.24,1.0,1,0.04319654427645789,0.09676025917926567
37.0,13.74,669.0,19.22,2.0,1,0.14556040756914118,1.3988355167394468
50.0,20.62,695.0,1.25,2.0,1,0.09699321047526673,0.0606207565470417
43.0,17.41,838.0,29.23,4.0,1,0.22975301550832855,1.678920160827111
23.0,2.59,539.0,14.53,1.0,0,0.3861003861003861,5.61003861003861
54.0,21.24,626.0,2.54,0.0,1,0.0,0.11958568738229756
28.0,17.94,800.0,6.28,1.0,1,0.05574136008918617,0.35005574136008916
46.0,10.86,832.0,5.77,3.0,1,0.27624309392265195,0.5313075506445673
30.0,17.13,734.0,14.12,4.0,1,0.23350846468184472,0.8242848803269118
41.0,18.53,697.0,5.57,3.0,1,0.16189962223421478,0.3005936319481921
33.0,14.41,638.0,9.74,3.0,1,0.2081887578070784,0.6759195003469812
52.0,1.67,750.0,11.14,1.0,0,0.5988023952095809,6.670658682634731
21.0,8.8,626.0,2.55,0.0,1,0.0,0.28977272727272724
26.0,23.78,552.0,15.86,4.0,1,0.16820857863751051,0.6669470142977292
26.0,3.14,626.0,5.95,4.0,0,1.2738853503184713,1.894904458598726
21.0,18.76,722.0,20.97,0.0,1,0.0,1.1178038379530915
53.0,16.84,653.0,18.17,3.0,1,0.17814726840855108,1.078978622327791
42.0,10.09,465.0,20.85,4.0,0,0.39643211100099107,2.066402378592666
44.0,15.07,777.0,4.61,3.0,1,0.19907100199071,0.30590577305905775
64.0,13.0,634.0,14.16,1.0,1,0.07692307692307693,1.0892307692307692
51.0,10.93,721.0,11.94,3.0,1,0.2744739249771272,1.092406221408966
51.0,15.59,488.0,14.59,4.0,1,0.25657472738935216,0.935856318152662
54.0,14.39,726.0,17.32,3.0,1,0.20847810979847115,1.2036136205698402
47.0,5.03,760.0,10.28,4.0,0,0.7952286282306162,2.043737574552684
50.0,6.36,612.0,27.27,0.0,0,0.0,4.287735849056603
53.0,5.13,525.0,29.32,3.0,0,0.5847953216374269,5.715399610136452
35.0,24.68,474.0,17.65,4.0,1,0.1620745542949757,0.7151539708265802
61.0,1.86,591.0,29.86,4.0,0,2.150537634408602,16.053763440860212
56.0,17.14,604.0,12.13,3.0,1,0.1750291715285881,0.7077012835472579
55.0,15.3,721.0,6.68,3.0,1,0.19607843137254902,0.43660130718954243
52.0,9.27,606.0,20.48,2.0,0,0.21574973031283712,2.2092772384034522
53.0,6.76,662.0,28.98,1.0,0,0.14792899408284024,4.28698224852071
61.0,17.47,518.0,20.21,0.0,1,0.0,1.1568402976531198
52.0,21.2,788.0,23.87,3.0,1,0.14150943396226415,1.1259433962264151
31.0,21.6,799.0,20.12,4.0,1,0.18518518518518517,0.9314814814814815
34.0,2.68,691.0,16.15,4.0,0,1.4925373134328357,6.026119402985073
60.0,15.42,776.0,9.03,2.0,1,0.1297016861219196,0.5856031128404668
43.0,16.46,549.0,20.71,1.0,1,0.060753341433778855,1.2582017010935602
23.0,5.73,759.0,26.95,4.0,0,0.6980802792321117,4.703315881326352
64.0,11.54,820.0,19.04,4.0,1,0.3466204506065858,1.6499133448873484
53.0,21.06,744.0,28.25,1.0,1,0.04748338081671415,1.3414055080721747
29.0,16.93,767.0,10.74,3.0,1,0.1772002362669817,0.6343768458357945
63.0,19.07,708.0,25.71,4.0,1,0.2097535395909806,1.348190875721028
58.0,22.1,581.0,28.92,3.0,1,0.13574660633484162,1.3085972850678733
30.0,19.06,464.0,29.31,2.0,1,0.10493179433368312,1.537775445960126
41.0,10.09,808.0,29.27,1.0,0,0.09910802775024777,2.9008919722497524
36.0,22.64,817.0,1.74,1.0,1,0.044169611307420496,0.07685512367491165
44.0,19.19,805.0,26.08,3.0,1,0.1563314226159458,1.359041167274622
40.0,20.53,748.0,19.04,1.0,1,0.04870920603994155,0.927423283000487
60.0,17.15,529.0,14.35,2.0,1,0.11661807580174928,0.8367346938775511
31.0,5.63,474.0,12.35,2.0,0,0.3552397868561279,2.19360568383659
22.0,15.19,458.0,4.93,3.0,1,0.19749835418038184,0.3245556287030941
56.0,7.38,502.0,9.38,0.0,1,0.0,1.2710027100271004
59.0,3.11,802.0,25.75,1.0,0,0.3215434083601286,8.279742765273312
62.0,3.53,515.0,9.86,0.0,0,0.0,2.7932011331444757
54.0,17.03,704.0,10.35,2.0,1,0.11743981209630064,0.6077510275983558
24.0,16.85,556.0,15.64,0.0,1,0.0,0.9281899109792284
31.0,18.33,594.0,12.66,0.0,1,0.0,0.6906710310965631
28.0,18.81,721.0,18.09,4.0,1,0.21265284423179162,0.9617224880382775
50.0,8.35,764.0,18.87,0.0,1,0.0,2.2598802395209585
64.0,8.6,834.0,27.84,2.0,0,0.23255813953488372,3.2372093023255815
45.0,16.5,481.0,15.56,3.0,1,0.18181818181818182,0.9430303030303031
22.0,10.06,660.0,27.85,3.0,0,0.2982107355864811,2.768389662027833
47.0,6.23,813.0,16.59,0.0,1,0.0,2.6629213483146064
41.0,23.25,559.0,25.33,1.0,1,0.043010752688172046,1.0894623655913978
36.0,4.51,570.0,25.14,3.0,0,0.6651884700665189,5.574279379157429
30.0,22.44,466.0,8.46,0.0,1,0.0,0.3770053475935829
50.0,12.46,453.0,5.76,2.0,1,0.16051364365971107,0.46227929373996784
53.0,24.66,597.0,8.47,1.0,1,0.040551500405515,0.3434712084347121
31.0,18.76,609.0,9.25,4.0,1,0.21321961620469082,0.4930703624733475
26.0,5.19,807.0,8.29,0.0,1,0.0,1.5973025048169553
32.0,16.65,555.0,24.26,2.0,1,0.12012012012012013,1.4570570570570573
47.0,9.37,643.0,21.74,2.0,0,0.21344717182497333,2.32017075773746
53.0,4.17,458.0,3.84,0.0,1,0.0,0.9208633093525179
57.0,6.46,692.0,17.29,2.0,0,0.30959752321981426,2.676470588235294
34.0,24.77,700.0,6.35,4.0,1,0.16148566814695195,0.2563584981832862
29.0,14.51,545.0,23.13,2.0,1,0.13783597518952448,1.5940730530668503
35.0,15.2,490.0,2.97,4.0,1,0.2631578947368421,0.1953947368421053
41.0,10.16,609.0,14.89,2.0,1,0.19685039370078738,1.4655511811023623
36.0,20.46,491.0,20.02,1.0,1,0.04887585532746823,0.9784946236559139
52.0,13.97,547.0,3.26,1.0,1,0.07158196134574087,0.2333571939871152
43.0,10.85,767.0,10.62,2.0,1,0.18433179723502305,0.9788018433179723
57.0,13.25,787.0,18.84,2.0,1,0.1509433962264151,1.4218867924528302
40.0,9.17,752.0,24.45,0.0,0,0.0,2.6663031624863684
37.0,17.82,603.0,14.25,0.0,1,0.0,0.7996632996632996
27.0,8.32,652.0,29.64,1.0,0,0.12019230769230768,3.5625
64.0,24.92,643.0,27.51,3.0,1,0.1203852327447833,1.103932584269663
29.0,20.49,621.0,21.19,2.0,1,0.09760858955588092,1.0341630063445584
59.0,20.07,643.0,29.73,0.0,1,0.0,1.4813153961136023
53.0,21.28,777.0,10.35,0.0,1,0.0,0.4863721804511278
30.0,4.81,831.0,5.45,0.0,1,0.0,1.1330561330561333
42.0,3.95,691.0,17.54,1.0,0,0.2531645569620253,4.440506329113924
32.0,7.03,656.0,13.99,2.0,0,0.28449502133712656,1.9900426742532005
64.0,24.17,708.0,26.01,1.0,1,0.04137360364087712,1.076127430699214
46.0,10.07,493.0,19.33,1.0,0,0.09930486593843098,1.9195630585898706
64.0,3.07,653.0,11.84,4.0,0,1.3029315960912053,3.8566775244299674
21.0,8.33,831.0,25.19,0.0,0,0.0,3.0240096038415367
64.0,6.58,845.0,21.91,2.0,0,0.303951367781155,3.3297872340425534
53.0,19.67,801.0,24.53,2.0,1,0.10167768174885612,1.2470767666497202
24.0,17.33,748.0,25.3,0.0,1,0.0,1.4598961338718985
64.0,12.29,586.0,13.04,1.0,1,0.08136696501220506,1.0610252237591538
25.0,9.01,841.0,19.01,4.0,0,0.4439511653718091,2.109877913429523
41.0,13.765,731.0,19.68,4.0,0,0.2905920813657828,1.4297130403196512
46.0,12.51,838.0,19.44,3.0,1,0.23980815347721823,1.5539568345323742
41.0,13.79,824.0,5.67,3.0,1,0.21754894851341552,0.41116751269035534
29.0,8.23,497.0,24.38,2.0,0,0.24301336573511542,2.962332928311057
62.0,19.03,799.0,24.43,1.0,1,0.05254860746190226,1.2837624802942722
50.0,7.94,752.0,26.46,2.0,0,0.2518891687657431,3.3324937027707806
49.0,22.94,537.0,21.91,0.0,1,0.0,0.9551002615518744
45.0,18.27,818.0,23.58,4.0,1,0.21893814997263272,1.29064039408867
38.0,24.6,618.0,4.74,3.0,1,0.12195121951219512,0.1926829268292683
61.0,10.69,526.0,2.19,2.0,1,0.1870907390084191,0.2048643592142189
44.0,24.24,514.0,26.21,1.0,1,0.041254125412541254,1.0812706270627064
31.0,16.82,592.0,21.22,2.0,1,0.11890606420927467,1.2615933412604041
53.0,22.55,738.0,14.95,2.0,1,0.08869179600886917,0.6629711751662971
29.0,4.85,473.0,9.91,4.0,0,0.8247422680412372,2.0432989690721652
40.0,4.97,635.0,25.36,1.0,0,0.2012072434607646,5.1026156941649905
35.0,22.6,817.0,4.75,4.0,1,0.17699115044247787,0.21017699115044247
63.0,22.55,763.0,29.67,2.0,1,0.08869179600886917,1.3157427937915742
61.0,24.58,475.0,14.87,4.0,1,0.1627339300244101,0.6049633848657445
50.0,21.89,696.0,4.04,0.0,1,0.0,0.1845591594335313
58.0,5.95,783.0,27.8,4.0,0,0.6722689075630252,4.6722689075630255
31.0,21.79,515.0,12.87,4.0,1,0.18357044515832951,0.5906379072969252
43.0,17.69,631.0,19.45,0.0,1,0.0,1.0994912379875634
47.0,2.81,677.0,27.16,0.0,0,0.0,9.665480427046264
33.0,11.23,667.0,22.55,2.0,0,0.17809439002671415,2.008014247551202
42.0,18.84,694.0,9.89,1.0,1,0.05307855626326964,0.5249469214437368
45.0,16.84,738.0,15.41,0.0,1,0.0,0.915083135391924
36.0,8.65,792.0,14.63,4.0,0,0.4624277456647399,1.6913294797687861
50.0,14.03,569.0,2.29,0.0,1,0.0,0.1632216678545973
24.0,5.97,487.0,4.13,4.0,0,0.6700167504187605,0.6917922948073701
49.0,7.26,537.0,9.7,1.0,1,0.13774104683195593,1.3360881542699723
42.0,11.43,568.0,11.57,0.0,1,0.0,1.0122484689413824
35.0,18.15,455.0,19.04,3.0,1,0.1652892561983471,1.0490358126721764
31.0,10.05,558.0,3.01,4.0,1,0.3980099502487562,0.299502487562189
40.0,4.57,719.0,16.26,1.0,0,0.2188183807439825,3.5579868708971554
62.0,24.83,563.0,15.55,1.0,1,0.04027386226339106,0.6262585581957311
61.0,16.1,666.0,24.52,4.0,1,0.24844720496894407,1.5229813664596272
40.0,17.53,601.0,27.73,4.0,0,0.22818026240730174,1.5818596691386195
25.0,21.08,668.0,15.03,0.0,1,0.0,0.7129981024667932
31.0,1.6,473.0,19.87,0.0,0,0.0,12.41875
62.0,9.65,750.0,15.03,3.0,1,0.31088082901554404,1.5575129533678755
28.0,5.29,565.0,22.75,3.0,0,0.5671077504725898,4.300567107750473
29.0,18.42,499.0,14.64,3.0,1,0.16286644951140064,0.7947882736156351
30.0,5.91,452.0,21.43,2.0,0,0.338409475465313,3.626057529610829
43.0,12.42,595.0,28.35,1.0,0,0.08051529790660225,2.282608695652174
39.0,7.14,663.0,14.92,1.0,0,0.1400560224089636,2.089635854341737
63.0,5.93,566.0,17.12,0.0,0,0.0,2.8870151770657677
37.0,6.69,489.0,15.1,1.0,0,0.14947683109118085,2.257100149476831
56.0,14.18,562.0,2.18,2.0,1,0.14104372355430184,0.153737658674189
56.0,8.98,475.0,22.28,2.0,0,0.22271714922048996,2.4810690423162582
43.0,16.46,769.0,5.15,1.0,1,0.060753341433778855,0.3128797083839611
44.0,15.82,655.0,14.77,4.0,1,0.2528445006321112,0.9336283185840708
33.0,9.94,451.0,4.04,4.0,1,0.4024144869215292,0.40643863179074446
26.0,9.6,814.0,12.06,0.0,1,0.0,1.25625
55.0,9.0,695.0,11.31,2.0,1,0.2222222222222222,1.2566666666666668
48.0,12.63,657.0,28.79,1.0,0,0.0791765637371338,2.279493269992082
61.0,9.29,462.0,20.74,2.0,0,0.21528525296017226,2.232508073196986
53.0,8.19,781.0,28.83,3.0,0,0.36630036630036633,3.52014652014652
29.0,18.35,720.0,4.06,0.0,1,0.0,0.22125340599455037
64.0,10.71,552.0,5.01,4.0,1,0.37348272642390284,0.4677871148459383
55.0,14.77,459.0,21.56,1.0,1,0.06770480704129993,1.4597156398104265
64.0,3.66,709.0,20.83,2.0,0,0.5464480874316939,5.691256830601092
31.0,7.56,640.0,25.16,2.0,0,0.2645502645502646,3.3280423280423284
50.0,14.47,797.0,15.86,4.0,1,0.27643400138217,1.096060815480304
42.0,12.23,673.0,19.29,3.0,1,0.24529844644317253,1.5772690106295992
41.0,19.71,462.0,9.2,1.0,1,0.050735667174023336,0.46676813800101463
29.0,9.46,833.0,16.0,4.0,0,0.4228329809725158,1.6913319238900633
25.0,15.53,452.0,11.48,4.0,1,0.25756600128783,0.7392144236960722
28.0,18.27,674.0,28.14,4.0,1,0.21893814997263272,1.5402298850574714
32.0,16.45,729.0,27.63,3.0,1,0.182370820668693,1.6796352583586627
29.0,21.8,834.0,23.57,1.0,1,0.04587155963302752,1.0811926605504587
22.0,5.12,458.0,4.65,3.0,0,0.5859375,0.908203125
43.0,20.77,740.0,28.56,4.0,1,0.19258545979778527,1.3750601829561868
44.0,24.98,513.0,18.55,1.0,1,0.040032025620496396,0.7425940752602082
35.0,12.47,579.0,22.42,4.0,0,0.32076984763432237,1.7979149959903769
32.0,6.28,812.0,23.46,1.0,0,0.1592356687898089,3.7356687898089174
21.0,19.42,741.0,24.28,4.0,1,0.20597322348094746,1.250257466529351
30.0,20.16,615.0,13.58,4.0,1,0.1984126984126984,0.6736111111111112
44.0,9.17,480.0,6.29,1.0,1,0.10905125408942203,0.6859323882224646
57.0,4.48,679.0,16.48,4.0,0,0.8928571428571428,3.6785714285714284
46.0,12.22,490.0,4.64,0.0,1,0.0,0.3797054009819967
32.0,20.26,704.0,25.13,3.0,1,0.14807502467917077,1.2403751233958538
46.0,22.1,524.0,27.37,1.0,1,0.04524886877828054,1.2384615384615385
33.0,7.24,815.0,12.4,1.0,1,0.13812154696132597,1.712707182320442
43.0,10.69,643.0,15.9,1.0,1,0.09354536950420955,1.4873713751169317
45.0,14.17,672.0,13.99,3.0,1,0.2117148906139732,0.9872971065631616
24.0,22.18,658.0,10.14,4.0,1,0.18034265103697025,0.4571686203787196
48.0,17.0,612.0,11.72,2.0,1,0.11764705882352941,0.6894117647058824
59.0,3.48,606.0,5.32,4.0,0,1.1494252873563218,1.528735632183908
35.0,9.49,845.0,25.24,0.0,0,0.0,2.6596417281348788
52.0,11.15,590.0,7.81,2.0,1,0.17937219730941703,0.7004484304932734
41.0,4.66,850.0,21.42,0.0,0,0.0,4.5965665236051505
43.0,5.13,778.0,4.81,0.0,1,0.0,0.9376218323586744
28.0,17.81,624.0,3.8,1.0,1,0.05614823133071309,0.2133632790567097
63.0,4.03,721.0,18.21,1.0,0,0.24813895781637715,4.518610421836228
50.0,6.18,506.0,5.67,3.0,0,0.4854368932038835,0.9174757281553398
64.0,7.13,552.0,12.13,2.0,0,0.2805049088359046,1.7012622720897617
35.0,22.7,693.0,11.74,1.0,1,0.04405286343612335,0.5171806167400881
25.0,21.72,827.0,13.64,1.0,1,0.04604051565377532,0.6279926335174955
34.0,6.02,705.0,12.63,1.0,0,0.16611295681063123,2.098006644518273
28.0,12.38,493.0,23.08,2.0,0,0.16155088852988692,1.8642972536348947
24.0,22.95,831.0,24.4,2.0,1,0.08714596949891068,1.0631808278867103
61.0,17.8,704.0,29.84,0.0,1,0.0,1.6764044943820224
43.0,19.11,496.0,15.86,4.0,1,0.20931449502878074,0.8299319727891157
39.0,17.59,755.0,16.36,0.0,1,0.0,0.9300739056281978
24.0,10.22,662.0,3.88,4.0,1,0.3913894324853229,0.3796477495107632
46.0,10.5,570.0,12.13,2.0,1,0.19047619047619047,1.1552380952380954
22.0,19.72,841.0,17.39,4.0,1,0.20283975659229211,0.8818458417849899
37.0,12.32,772.0,5.37,3.0,1,0.2435064935064935,0.43587662337662336
57.0,17.87,721.0,13.56,3.0,1,0.16787912702853944,0.7588136541689983
36.0,19.47,560.0,15.14,4.0,1,0.20544427324088343,0.7776065742167437
37.0,3.93,646.0,4.02,3.0,0,0.7633587786259541,1.0229007633587786
44.0,7.3,487.0,21.85,3.0,0,0.4109589041095891,2.993150684931507
27.0,9.15,830.0,14.77,3.0,1,0.32786885245901637,1.6142076502732239
41.0,13.68,591.0,24.1,0.0,1,0.0,1.7616959064327486
25.0,21.45,783.0,28.85,3.0,1,0.13986013986013987,1.344988344988345
52.0,6.07,800.0,10.97,3.0,0,0.4942339373970346,1.8072487644151565
25.0,20.77,806.0,25.83,0.0,1,0.0,1.2436206066441984
56.0,7.74,458.0,17.57,2.0,0,0.25839793281653745,2.2700258397932815
51.0,8.38,500.0,9.93,2.0,1,0.2386634844868735,1.1849642004773269
42.0,21.73,791.0,27.06,3.0,1,0.13805798435342845,1.2452830188679245
49.0,2.14,557.0,21.91,2.0,0,0.9345794392523364,10.238317757009344
36.0,14.45,659.0,8.05,4.0,1,0.2768166089965398,0.5570934256055364
57.0,8.85,720.0,10.54,2.0,1,0.22598870056497175,1.190960451977401
28.0,16.68,508.0,15.86,4.0,1,0.23980815347721823,0.9508393285371702
46.0,10.03,699.0,16.66,4.0,0,0.39880358923230314,1.6610169491525424
21.0,9.94,805.0,20.38,3.0,0,0.3018108651911469,2.050301810865191
28.0,17.18,799.0,4.42,4.0,1,0.23282887077997672,0.2572759022118743
58.0,19.35,669.0,11.23,0.0,1,0.0,0.5803617571059432
50.0,8.9,710.0,12.81,0.0,1,0.0,1.439325842696629
47.0,19.12,506.0,23.31,3.0,1,0.15690376569037656,1.2191422594142258
62.0,7.82,819.0,28.85,1.0,0,0.1278772378516624,3.6892583120204603
37.0,21.5,810.0,17.01,2.0,1,0.09302325581395349,0.7911627906976745
35.0,11.74,843.0,21.43,1.0,1,0.08517887563884156,1.8253833049403747
55.0,11.39,836.0,19.43,2.0,1,0.17559262510974538,1.7058823529411764
56.0,15.71,641.0,8.67,0.0,1,0.0,0.5518777848504137
56.0,20.5,680.0,27.57,2.0,1,0.0975609756097561,1.344878048780488
62.0,23.82,768.0,27.29,1.0,1,0.041981528127623846,1.1456759026028547
38.0,23.7,738.0,20.56,4.0,1,0.16877637130801687,0.8675105485232067
36.0,13.06,581.0,21.91,1.0,1,0.07656967840735068,1.6776416539050536
42.0,8.61,744.0,28.93,4.0,0,0.4645760743321719,3.3600464576074334
54.0,16.75,517.0,29.86,2.0,0,0.11940298507462686,1.7826865671641792
58.0,6.66,767.0,17.61,3.0,0,0.45045045045045046,2.644144144144144
50.0,10.5,667.0,29.31,4.0,0,0.38095238095238093,2.7914285714285714
41.0,17.4,825.0,29.88,0.0,1,0.0,1.717241379310345
45.0,7.23,779.0,18.59,3.0,0,0.41493775933609955,2.5712309820193635
52.0,6.33,487.0,13.14,2.0,0,0.315955766192733,2.075829383886256
38.0,15.98,519.0,9.4,3.0,1,0.18773466833541927,0.5882352941176471
32.0,17.9,834.0,25.39,4.0,1,0.223463687150838,1.4184357541899444
63.0,7.26,510.0,25.34,2.0,0,0.27548209366391185,3.4903581267217634
54.0,5.25,552.0,3.62,2.0,1,0.38095238095238093,0.6895238095238095
48.0,20.62,584.0,18.9,0.0,1,0.0,0.9165858389912706
41.0,24.6,679.0,23.65,4.0,1,0.16260162601626016,0.9613821138211381
56.0,14.18,697.0,14.42,4.0,1,0.2820874471086037,1.0169252468265162
26.0,20.15,498.0,5.86,3.0,1,0.14888337468982632,0.2908188585607941
41.0,2.71,647.0,5.47,0.0,1,0.0,2.018450184501845
26.0,18.32,483.0,6.01,1.0,1,0.05458515283842795,0.32805676855895194
39.0,19.57,525.0,3.97,4.0,1,0.20439448134900357,0.20286152273888605
63.0,6.19,635.0,10.17,0.0,1,0.0,1.6429725363489498
63.0,11.57,488.0,15.89,1.0,1,0.08643042350907519,1.3733794295592048
33.0,21.27,521.0,6.03,3.0,1,0.14104372355430184,0.2834978843441467
39.0,14.13,559.0,29.69,1.0,0,0.07077140835102619,2.1012031139419673
42.0,4.76,459.0,18.5,2.0,0,0.42016806722689076,3.8865546218487395
32.0,23.62,597.0,15.44,0.0,1,0.0,0.6536833192209991
43.0,23.81,537.0,29.15,3.0,1,0.12599748005039899,1.2242755144897102
44.0,15.56,457.0,2.43,3.0,1,0.1928020565552699,0.15616966580976865
61.0,9.3,542.0,18.82,2.0,0,0.2150537634408602,2.0236559139784944
30.0,24.39,638.0,18.89,4.0,1,0.16400164001640016,0.7744977449774498
53.0,18.4,812.0,13.27,1.0,1,0.05434782608695653,0.7211956521739131
21.0,23.34,733.0,25.98,0.0,1,0.0,1.1131105398457584
31.0,14.5,504.0,3.35,3.0,1,0.20689655172413793,0.2310344827586207
64.0,20.94,750.0,1.14,4.0,1,0.19102196752626552,0.05444126074498567
28.0,16.43,498.0,15.93,0.0,1,0.0,0.9695678636640293
60.0,19.07,571.0,18.53,2.0,1,0.1048767697954903,0.9716832721552177
60.0,10.51,542.0,15.68,2.0,1,0.19029495718363465,1.4919124643196955
62.0,11.65,741.0,5.39,3.0,1,0.2575107296137339,0.46266094420600856
33.0,24.78,643.0,23.0,1.0,1,0.04035512510088781,0.9281678773204196
44.0,21.94,658.0,21.27,0.0,1,0.0,0.9694621695533272
41.0,2.51,683.0,19.49,1.0,0,0.39840637450199207,7.764940239043825
44.0,8.36,534.0,2.27,0.0,1,0.0,0.2715311004784689
40.0,18.39,568.0,12.74,0.0,1,0.0,0.6927678085916259
53.0,6.3,634.0,25.88,4.0,0,0.6349206349206349,4.1079365079365076
59.0,14.89,594.0,21.57,0.0,1,0.0,1.4486232370718604
62.0,15.23,557.0,1.95,1.0,1,0.06565988181221273,0.12803676953381482
42.0,16.44,715.0,4.6,0.0,1,0.0,0.27980535279805346
29.0,3.29,546.0,4.2,1.0,0,0.303951367781155,1.2765957446808511
30.0,22.97,568.0,2.72,2.0,1,0.087070091423596,0.11841532433609056
36.0,4.1,623.0,5.51,3.0,0,0.7317073170731708,1.3439024390243903
37.0,2.84,661.0,9.1,4.0,0,1.4084507042253522,3.204225352112676
31.0,7.3,456.0,25.69,2.0,0,0.273972602739726,3.519178082191781
28.0,8.05,742.0,15.53,3.0,0,0.37267080745341613,1.9291925465838506
48.0,6.33,639.0,22.6,3.0,0,0.47393364928909953,3.5703001579778832
41.0,11.0,769.0,15.01,2.0,1,0.18181818181818182,1.3645454545454545
33.0,13.765,616.0,18.77,2.0,1,0.1452960406828914,1.3636033418089357
47.0,11.7,715.0,25.99,4.0,0,0.3418803418803419,2.2213675213675215
28.0,21.42,813.0,18.52,4.0,1,0.18674136321195142,0.8646125116713351
58.0,12.42,562.0,3.76,2.0,1,0.1610305958132045,0.3027375201288245
35.0,24.37,764.0,29.22,4.0,1,0.16413623307345096,1.1990151826015591
56.0,18.45,751.0,17.13,3.0,1,0.16260162601626016,0.9284552845528455
24.0,19.17,622.0,14.12,4.0,1,0.20865936358894102,0.7365675534689619
31.0,13.765,691.0,29.8,3.0,1,0.21794406102433708,2.164911006175082
30.0,12.69,715.0,15.37,1.0,1,0.07880220646178093,1.211189913317573
37.0,23.48,762.0,12.88,1.0,1,0.04258943781942078,0.5485519591141397
41.0,21.55,459.0,5.22,3.0,1,0.13921113689095127,0.2422273781902552
43.0,18.47,787.0,22.92,3.0,1,0.16242555495397942,1.240931239848403
58.0,18.54,566.0,1.7,1.0,1,0.05393743257820928,0.09169363538295577
60.0,10.3,683.0,6.14,3.0,1,0.2912621359223301,0.5961165048543688
49.0,20.56,491.0,24.33,3.0,1,0.14591439688715954,1.1833657587548638
42.0,24.55,660.0,6.49,4.0,1,0.1629327902240326,0.26435845213849285
41.0,6.79,746.0,27.18,0.0,0,0.0,4.002945508100147
60.0,10.35,639.0,2.97,3.0,1,0.2898550724637681,0.28695652173913044
22.0,18.62,663.0,29.96,4.0,1,0.21482277121374865,1.6090225563909775
54.0,17.36,709.0,23.97,2.0,1,0.1152073732718894,1.3807603686635945
37.0,13.43,775.0,16.73,2.0,1,0.14892032762472077,1.2457185405807893
51.0,22.4,502.0,21.56,0.0,1,0.0,0.9625
39.0,2.75,630.0,6.47,4.0,0,1.4545454545454546,2.3527272727272726
46.0,8.82,623.0,9.25,2.0,1,0.22675736961451246,1.0487528344671202
48.0,11.15,464.0,19.06,1.0,0,0.08968609865470852,1.7094170403587443
52.0,13.34,556.0,3.03,1.0,1,0.07496251874062969,0.22713643178410794
56.0,1.73,677.0,10.07,2.0,0,1.1560693641618498,5.820809248554913
50.0,19.4,462.0,11.07,0.0,1,0.0,0.570618556701031
29.0,15.16,664.0,10.28,3.0,1,0.19788918205804748,0.6781002638522426
27.0,8.69,496.0,15.83,4.0,0,0.4602991944764097,1.8216340621403915
29.0,10.31,738.0,19.09,2.0,1,0.19398642095053345,1.8516003879728418
54.0,15.5,537.0,19.09,2.0,1,0.12903225806451613,1.2316129032258065
42.0,16.48,693.0,22.63,3.0,1,0.1820388349514563,1.3731796116504853
33.0,21.65,848.0,5.15,0.0,1,0.0,0.2378752886836028
23.0,9.79,593.0,4.42,1.0,1,0.10214504596527069,0.4514811031664965
37.0,2.15,549.0,15.42,3.0,0,1.3953488372093024,7.172093023255814
39.0,8.78,771.0,24.17,1.0,0,0.11389521640091117,2.752847380410023
51.0,2.58,704.0,4.25,0.0,1,0.0,1.6472868217054264
38.0,13.74,673.0,27.6,2.0,0,0.14556040756914118,2.0087336244541487
34.0,21.82,708.0,12.08,2.0,1,0.09165902841429881,0.5536205316223648
57.0,20.93,485.0,25.89,1.0,1,0.047778308647873864,1.2369804108934543
32.0,23.53,760.0,3.95,1.0,1,0.042498937526561836,0.16787080322991926
24.0,21.9,650.0,18.06,3.0,1,0.13698630136986303,0.8246575342465753
28.0,14.49,632.0,28.16,4.0,0,0.27605244996549344,1.943409247757074
29.0,9.14,651.0,16.04,3.0,0,0.3282275711159737,1.7549234135667393
34.0,2.75,555.0,15.21,1.0,0,0.36363636363636365,5.530909090909091
35.0,20.34,539.0,18.95,3.0,1,0.14749262536873156,0.931661750245821
64.0,15.01,665.0,13.81,3.0,1,0.19986675549633579,0.9200532978014657
60.0,23.36,798.0,16.99,0.0,1,0.0,0.7273116438356164
58.0,9.67,540.0,14.14,0.0,1,0.0,1.4622543950361946
44.0,9.23,469.0,7.95,4.0,0,0.4333694474539545,0.8613217768147345
50.0,17.68,582.0,2.62,0.0,1,0.0,0.14819004524886878
42.0,18.47,743.0,1.3,4.0,1,0.2165674066053059,0.07038440714672442
41.0,8.35,774.0,15.55,3.0,0,0.3592814371257485,1.8622754491017965
25.0,17.77,719.0,20.0,3.0,1,0.16882386043894204,1.1254924029262803
32.0,16.22,691.0,17.84,4.0,1,0.24660912453760792,1.0998766954377313
31.0,9.24,752.0,11.35,0.0,1,0.0,1.2283549783549783
51.0,10.79,789.0,28.58,3.0,0,0.27803521779425394,2.648748841519926
57.0,18.85,550.0,14.64,0.0,1,0.0,0.776657824933687
56.0,18.74,495.0,17.54,1.0,1,0.05336179295624333,0.9359658484525081
21.0,24.63,518.0,10.88,2.0,1,0.08120178643930166,0.4417377182298011
43.0,12.61,742.0,12.49,3.0,1,0.2379064234734338,0.9904837430610627
60.0,23.03,637.0,6.94,1.0,1,0.04342162396873643,0.30134607034303085
59.0,23.65,829.0,29.29,2.0,1,0.08456659619450317,1.238477801268499
43.0,18.4,484.0,20.48,1.0,1,0.05434782608695653,1.1130434782608696
53.0,16.78,541.0,6.77,2.0,1,0.11918951132300357,0.40345649582836707
43.0,8.93,589.0,4.8,1.0,1,0.11198208286674133,0.5375139977603584
53.0,1.97,604.0,3.69,4.0,0,2.030456852791878,1.8730964467005076
24.0,19.15,646.0,5.34,1.0,1,0.05221932114882507,0.2788511749347259
34.0,4.91,635.0,13.48,3.0,0,0.6109979633401221,2.745417515274949
31.0,5.97,841.0,18.14,0.0,0,0.0,3.038525963149079
39.0,24.51,526.0,3.55,3.0,1,0.12239902080783353,0.14483884128926966
48.0,2.23,480.0,26.11,4.0,0,1.7937219730941705,11.708520179372197
24.0,7.72,697.0,3.75,2.0,1,0.2590673575129534,0.48575129533678757
58.0,24.25,845.0,9.8,3.0,1,0.12371134020618557,0.4041237113402062
39.0,23.81,752.0,5.42,3.0,1,0.12599748005039899,0.2276354472910542
26.0,21.1,454.0,15.27,2.0,1,0.0947867298578199,0.723696682464455
22.0,19.32,605.0,19.0,1.0,1,0.05175983436853002,0.9834368530020704
64.0,20.21,662.0,6.79,0.0,1,0.0,0.3359722909450767
29.0,21.93,643.0,16.41,2.0,1,0.09119927040583675,0.7482900136798906
53.0,14.04,597.0,3.59,2.0,1,0.14245014245014245,0.2556980056980057
37.0,20.62,712.0,1.58,0.0,1,0.0,0.07662463627546072
38.0,9.83,498.0,17.47,0.0,1,0.0,1.7772126144455747
47.0,6.96,510.0,7.66,3.0,0,0.4310344827586207,1.1005747126436782
22.0,3.52,737.0,12.24,4.0,0,1.1363636363636365,3.4772727272727275
42.0,17.8,490.0,13.38,3.0,1,0.16853932584269662,0.751685393258427
48.0,21.29,589.0,14.66,2.0,1,0.09394081728511039,0.6885861906998592
64.0,7.15,634.0,18.54,0.0,0,0.0,2.5930069930069926
64.0,10.23,679.0,2.46,3.0,1,0.29325513196480935,0.24046920821114368
45.0,11.06,811.0,5.77,0.0,1,0.0,0.5216998191681735
37.0,14.35,503.0,14.64,1.0,1,0.06968641114982578,1.0202090592334496
51.0,17.19,490.0,3.91,4.0,1,0.23269342641070387,0.22745782431646305
37.0,8.6,544.0,10.63,2.0,1,0.23255813953488372,1.2360465116279071
58.0,19.23,511.0,5.84,0.0,1,0.0,0.3036921476859074
45.0,4.52,707.0,6.8,2.0,1,0.4424778761061947,1.504424778761062
24.0,4.02,831.0,28.59,1.0,0,0.24875621890547267,7.111940298507464
46.0,14.89,615.0,19.27,2.0,1,0.1343183344526528,1.2941571524513096
58.0,6.3,471.0,16.56,4.0,0,0.6349206349206349,2.6285714285714286
24.0,5.79,637.0,23.93,0.0,0,0.0,4.132987910189983
60.0,3.98,742.0,26.67,1.0,0,0.25125628140703515,6.701005025125629
56.0,17.91,475.0,28.92,0.0,1,0.0,1.6147403685092128
53.0,14.63,833.0,7.33,0.0,1,0.0,0.5010252904989747
50.0,18.6,671.0,20.89,3.0,1,0.16129032258064516,1.1231182795698924
30.0,8.68,845.0,13.55,2.0,1,0.2304147465437788,1.5610599078341014
25.0,14.64,678.0,18.96,2.0,1,0.13661202185792348,1.2950819672131149
21.0,11.39,625.0,2.23,2.0,1,0.17559262510974538,0.1957857769973661
35.0,16.72,563.0,9.31,1.0,1,0.059808612440191394,0.5568181818181819
43.0,2.91,769.0,18.83,3.0,0,1.0309278350515463,6.470790378006872
41.0,6.64,672.0,9.03,4.0,0,0.6024096385542169,1.3599397590361446
48.0,24.03,755.0,17.4,2.0,1,0.08322929671244278,0.7240948813982521
39.0,13.02,537.0,5.38,1.0,1,0.07680491551459294,0.41321044546851
50.0,9.11,626.0,25.96,3.0,0,0.32930845225027444,2.8496158068057085
42.0,22.48,509.0,9.51,4.0,1,0.17793594306049823,0.4230427046263345
46.0,2.39,672.0,27.41,4.0,0,1.6736401673640167,11.468619246861925
23.0,8.47,578.0,13.85,4.0,0,0.47225501770956313,1.6351829988193622
23.0,10.56,671.0,25.54,0.0,0,0.0,2.418560606060606
33.0,24.27,493.0,10.49,0.0,1,0.0,0.4322208487845076
30.0,22.56,758.0,13.11,2.0,1,0.08865248226950355,0.5811170212765957
30.0,2.82,748.0,6.41,1.0,1,0.3546099290780142,2.273049645390071
52.0,2.75,835.0,12.59,1.0,0,0.36363636363636365,4.578181818181818
21.0,8.08,684.0,24.13,4.0,0,0.49504950495049505,2.9863861386138613
39.0,16.73,777.0,9.77,1.0,1,0.05977286312014345,0.5839808726838015
26.0,19.81,672.0,16.23,2.0,1,0.10095911155981828,0.8192831903079254
41.0,9.78,782.0,27.75,3.0,0,0.3067484662576687,2.837423312883436
44.0,19.02,804.0,4.17,0.0,1,0.0,0.2192429022082019
40.0,2.57,725.0,5.22,3.0,0,1.1673151750972763,2.0311284046692606
34.0,4.81,482.0,19.54,0.0,0,0.0,4.0623700623700625
57.0,17.98,533.0,16.41,0.0,1,0.0,0.9126807563959956
37.0,2.26,537.0,17.07,2.0,0,0.8849557522123894,7.553097345132744
63.0,5.04,568.0,20.39,0.0,0,0.0,4.045634920634921
26.0,1.51,646.0,16.48,1.0,0,0.6622516556291391,10.913907284768213
21.0,23.85,720.0,10.22,2.0,1,0.08385744234800838,0.42851153039832285
42.0,7.03,832.0,24.22,3.0,0,0.4267425320056899,3.445234708392603
51.0,19.78,765.0,20.22,4.0,1,0.20222446916076844,1.0222446916076844
22.0,7.09,683.0,4.13,1.0,1,0.14104372355430184,0.5825105782792666
58.0,7.71,730.0,22.7,2.0,0,0.2594033722438392,2.9442282749675743
41.0,24.92,608.0,15.14,4.0,1,0.16051364365971107,0.6075441412520064
41.0,13.765,526.0,21.83,2.0,0,0.1452960406828914,1.5859062840537594
39.0,10.02,489.0,7.15,2.0,1,0.1996007984031936,0.7135728542914173
56.0,15.65,669.0,6.97,2.0,1,0.12779552715654952,0.44536741214057507
57.0,21.97,661.0,5.97,0.0,1,0.0,0.27173418297678653
39.0,16.82,792.0,15.86,2.0,1,0.11890606420927467,0.9429250891795481
55.0,16.57,744.0,3.11,2.0,1,0.12070006035003017,0.18768859384429692
27.0,24.59,604.0,1.75,3.0,1,0.12200081333875559,0.0711671411142741
38.0,6.17,661.0,14.21,4.0,0,0.6482982171799028,2.3030794165316046
62.0,11.19,738.0,18.4,2.0,1,0.17873100983020554,1.6443252904378909
63.0,3.98,835.0,13.57,0.0,0,0.0,3.4095477386934676
41.0,21.81,584.0,18.69,1.0,1,0.04585052728106374,0.8569463548830812
38.0,14.32,781.0,20.67,1.0,1,0.06983240223463687,1.4434357541899443
52.0,17.62,732.0,28.32,0.0,1,0.0,1.6072644721906924
56.0,12.82,521.0,13.77,4.0,1,0.31201248049922,1.0741029641185647
52.0,17.6,788.0,16.02,4.0,1,0.22727272727272727,0.9102272727272727
22.0,18.15,483.0,22.84,0.0,1,0.0,1.2584022038567495
48.0,6.92,539.0,29.33,4.0,0,0.5780346820809249,4.238439306358381
46.0,13.28,849.0,18.48,1.0,1,0.07530120481927711,1.3915662650602412
64.0,18.05,533.0,29.65,0.0,1,0.0,1.6426592797783932
25.0,9.58,570.0,20.11,4.0,0,0.4175365344467641,2.0991649269311066
42.0,13.81,621.0,12.08,4.0,1,0.2896451846488052,0.8747284576393917
38.0,10.91,529.0,1.04,4.0,1,0.36663611365719523,0.09532538955087076
32.0,6.62,484.0,6.31,0.0,1,0.0,0.9531722054380664
46.0,11.01,767.0,8.8,0.0,1,0.0,0.7992733878292462
36.0,11.76,496.0,4.96,0.0,1,0.0,0.4217687074829932
50.0,6.8,462.0,27.16,4.0,0,0.5882352941176471,3.9941176470588236
56.0,4.92,693.0,21.45,2.0,0,0.4065040650406504,4.359756097560975
38.0,4.12,599.0,24.64,1.0,0,0.24271844660194175,5.980582524271845
33.0,19.05,484.0,1.1,4.0,1,0.2099737532808399,0.05774278215223097
61.0,24.69,469.0,19.49,1.0,1,0.04050222762251924,0.7893884163628998
43.0,21.4,522.0,17.32,4.0,1,0.1869158878504673,0.8093457943925234
22.0,18.73,677.0,14.49,3.0,1,0.1601708489054992,0.7736252002135611
59.0,9.81,556.0,10.83,3.0,1,0.3058103975535168,1.1039755351681957
63.0,18.8,508.0,18.64,3.0,1,0.15957446808510636,0.9914893617021276
26.0,13.765,627.0,9.43,1.0,1,0.0726480203414457,0.6850708318198329
37.0,9.02,791.0,15.09,4.0,0,0.4434589800443459,1.672949002217295
62.0,24.3,453.0,17.09,2.0,1,0.0823045267489712,0.7032921810699588
21.0,24.2,649.0,1.5,0.0,1,0.0,0.06198347107438017
29.0,22.22,450.0,12.65,4.0,1,0.18001800180018002,0.5693069306930694
64.0,24.83,594.0,26.76,2.0,1,0.08054772452678212,1.0777285541683448
33.0,10.05,614.0,22.43,1.0,0,0.09950248756218905,2.2318407960199003
56.0,7.98,636.0,18.35,0.0,0,0.0,2.299498746867168
63.0,14.73,583.0,8.99,3.0,1,0.20366598778004072,0.6103190767141887
31.0,6.17,638.0,7.46,1.0,1,0.1620745542949757,1.2090761750405186
44.0,15.87,768.0,8.77,3.0,1,0.1890359168241966,0.5526149968494014
35.0,3.09,701.0,11.77,1.0,0,0.3236245954692557,3.809061488673139
47.0,9.91,607.0,21.35,3.0,0,0.30272452068617556,2.1543895055499496
61.0,21.0,476.0,22.03,0.0,1,0.0,1.049047619047619
56.0,18.33,544.0,1.11,0.0,1,0.0,0.06055646481178397
53.0,5.4,827.0,8.65,2.0,1,0.37037037037037035,1.6018518518518519
49.0,24.73,760.0,26.73,1.0,1,0.040436716538617065,1.080873433077234
52.0,19.6,542.0,16.5,2.0,1,0.1020408163265306,0.8418367346938775
27.0,15.4,832.0,27.45,2.0,1,0.12987012987012986,1.7824675324675323
24.0,19.72,803.0,19.55,1.0,1,0.05070993914807303,0.9913793103448276
31.0,6.61,488.0,7.71,2.0,0,0.302571860816944,1.166414523449319
26.0,11.01,508.0,28.47,2.0,0,0.18165304268846502,2.5858310626703
37.0,23.37,525.0,11.26,3.0,1,0.12836970474967907,0.48181429182712876
45.0,7.35,504.0,25.29,3.0,0,0.40816326530612246,3.440816326530612
35.0,21.89,457.0,23.58,4.0,1,0.1827318410232983,1.0772042028323434
25.0,3.44,755.0,19.38,0.0,0,0.0,5.633720930232558
40.0,12.98,452.0,21.02,4.0,0,0.3081664098613251,1.6194144838212634
22.0,8.73,592.0,25.39,2.0,0,0.2290950744558992,2.90836197021764
23.0,18.33,631.0,1.62,3.0,1,0.16366612111292964,0.08837970540098201
62.0,19.3,736.0,5.14,3.0,1,0.15544041450777202,0.26632124352331604
52.0,20.85,791.0,2.21,2.0,1,0.09592326139088729,0.10599520383693045
54.0,21.66,495.0,29.88,4.0,1,0.18467220683287164,1.3795013850415512
47.0,21.03,665.0,24.29,1.0,1,0.0475511174512601,1.155016642891108
38.0,22.66,638.0,13.08,2.0,1,0.088261253309797,0.5772285966460724
40.0,24.09,531.0,2.55,3.0,1,0.12453300124533001,0.1058530510585305
43.0,11.24,623.0,14.25,2.0,1,0.17793594306049823,1.2677935943060499
44.0,20.98,744.0,8.69,2.0,1,0.09532888465204957,0.41420400381315536
34.0,2.97,633.0,27.89,3.0,0,1.01010101010101,9.390572390572391
60.0,20.08,757.0,28.38,4.0,1,0.19920318725099603,1.4133466135458168
58.0,23.1,554.0,12.77,1.0,1,0.04329004329004329,0.5528138528138528
40.0,21.74,495.0,19.2,3.0,1,0.13799448022079117,0.8831646734130635
39.0,5.1,487.0,9.29,4.0,0,0.7843137254901962,1.8215686274509804
29.0,19.46,847.0,8.13,4.0,1,0.20554984583761562,0.4177800616649538
27.0,16.01,492.0,27.82,4.0,0,0.24984384759525294,1.7376639600249841
25.0,8.66,753.0,4.21,3.0,1,0.3464203233256351,0.48614318706697457
50.0,21.02,662.0,29.12,3.0,1,0.142721217887726,1.3853472882968603
31.0,16.13,503.0,11.11,1.0,1,0.061996280223186616,0.6887786732796032
56.0,1.62,473.0,21.83,3.0,0,1.8518518518518516,13.475308641975307
54.0,12.71,474.0,21.36,1.0,0,0.07867820613690008,1.6805664830841855
53.0,3.74,738.0,7.73,0.0,1,0.0,2.0668449197860963
60.0,15.3,820.0,1.89,4.0,1,0.26143790849673204,0.12352941176470587
31.0,6.79,617.0,13.45,1.0,0,0.14727540500736377,1.9808541973490426
44.0,24.9,610.0,18.9,3.0,1,0.12048192771084339,0.7590361445783133
36.0,11.42,717.0,1.62,4.0,1,0.3502626970227671,0.14185639229422067
61.0,19.97,583.0,5.33,1.0,1,0.05007511266900351,0.2669003505257887
38.0,13.98,657.0,28.71,1.0,0,0.07153075822603719,2.0536480686695278
24.0,13.08,757.0,24.52,1.0,1,0.0764525993883792,1.8746177370030581
61.0,23.09,568.0,16.18,0.0,1,0.0,0.7007362494586401
60.0,22.15,726.0,21.75,4.0,1,0.18058690744920994,0.981941309255079
37.0,10.54,824.0,20.35,2.0,1,0.18975332068311196,1.9307400379506645
62.0,2.67,666.0,26.71,2.0,0,0.7490636704119851,10.00374531835206
29.0,8.92,642.0,20.31,2.0,0,0.2242152466367713,2.2769058295964126
56.0,11.94,800.0,2.95,0.0,1,0.0,0.24706867671691796
26.0,5.78,509.0,21.75,1.0,0,0.17301038062283736,3.762975778546713
55.0,4.24,692.0,22.51,2.0,0,0.4716981132075471,5.308962264150943
52.0,9.91,527.0,15.67,2.0,0,0.20181634712411706,1.5812310797174571
39.0,21.25,648.0,25.53,1.0,1,0.047058823529411764,1.2014117647058824
62.0,11.36,559.0,22.04,3.0,0,0.26408450704225356,1.9401408450704225
53.0,5.0,462.0,11.21,4.0,0,0.8,2.242
59.0,17.13,815.0,26.44,0.0,1,0.0,1.5434909515469937
43.0,13.3,657.0,24.2,0.0,1,0.0,1.819548872180451
45.0,23.25,511.0,4.04,3.0,1,0.12903225806451613,0.17376344086021506
26.0,12.46,722.0,12.51,0.0,1,0.0,1.0040128410914926
26.0,13.52,543.0,19.04,4.0,0,0.2958579881656805,1.4082840236686391
24.0,18.94,738.0,2.92,4.0,1,0.21119324181626187,0.15417106652587115
49.0,2.79,655.0,20.28,2.0,0,0.7168458781362007,7.268817204301076
53.0,6.05,525.0,27.61,3.0,0,0.49586776859504134,4.5636363636363635
38.0,10.51,650.0,16.54,2.0,1,0.19029495718363465,1.5737392959086585
41.0,16.28,553.0,4.93,4.0,1,0.24570024570024568,0.3028255528255528
56.0,9.85,687.0,21.95,4.0,0,0.40609137055837563,2.228426395939086
31.0,17.12,457.0,12.08,4.0,1,0.2336448598130841,0.7056074766355139
58.0,11.4,503.0,21.57,2.0,0,0.17543859649122806,1.8921052631578947
25.0,5.84,762.0,24.26,0.0,0,0.0,4.154109589041096
35.0,13.89,799.0,29.92,4.0,0,0.28797696184305255,2.154067674586033
51.0,18.93,720.0,6.39,1.0,1,0.05282620179609086,0.3375594294770206
35.0,21.21,552.0,16.11,4.0,1,0.1885902876001886,0.7595473833097595
24.0,7.99,643.0,15.41,3.0,0,0.37546933667083854,1.9286608260325406
60.0,14.36,459.0,14.87,1.0,1,0.06963788300835655,1.0355153203342617
45.0,24.99,848.0,14.82,1.0,1,0.040016006402561026,0.5930372148859544
28.0,8.34,598.0,17.47,1.0,0,0.11990407673860912,2.094724220623501
38.0,7.15,502.0,1.07,4.0,1,0.5594405594405594,0.14965034965034965
46.0,24.01,719.0,9.41,2.0,1,0.08329862557267805,0.3919200333194502
